{
    "variants": {
        "": [
            { "model": "block/coarse_dirt/block/0", "weight":100 },
			{ "model": "block/coarse_dirt/block/0_mirrored", "weight":100 },
			{ "model": "block/coarse_dirt/block/1", "weight":100 },
			{ "model": "block/coarse_dirt/block/1_mirrored", "weight":100 },
			{ "model": "block/coarse_dirt/block/2", "weight":100 },
			{ "model": "block/coarse_dirt/block/2_mirrored", "weight":100 },
			{ "model": "block/coarse_dirt/block/3", "weight":10 },
			{ "model": "block/coarse_dirt/block/3_mirrored", "weight":10 },
			{ "model": "block/coarse_dirt/block/4", "weight": 10 },
			{ "model": "block/coarse_dirt/block/4_mirrored", "weight":10 },
            { "model": "block/coarse_dirt/block/5", "weight":100 },
			{ "model": "block/coarse_dirt/block/5_mirrored", "weight":100 }
        ]
    }
}
