{
  "variants": {

    "type=bottom": [
      {"model": "block/dark_prismarine/slab/0", "weight":100},
      {"model": "block/dark_prismarine/slab/1", "weight":50 },
      {"model": "block/dark_prismarine/slab/2", "weight":50 },
      {"model": "block/dark_prismarine/slab/3", "weight":50 }
    ],
	
    "type=top": [
      {"model": "block/dark_prismarine/slab_top/0", "weight":100},
      {"model": "block/dark_prismarine/slab_top/1", "weight":50 },
      {"model": "block/dark_prismarine/slab_top/2", "weight":50 },
      {"model": "block/dark_prismarine/slab_top/3", "weight":50 }
    ],
	
    "type=double": [
      {"model": "block/dark_prismarine/block/0", "weight":100},
      {"model": "block/dark_prismarine/block/1", "weight":50 },
      {"model": "block/dark_prismarine/block/2", "weight":50 },
      {"model": "block/dark_prismarine/block/3", "weight":50 }
    ]
  }
}