{
  "variants": {
    "moisture=0": {
      "model": "minecraft:block/farmland/farmland_0"
    },
    "moisture=1": {
      "model": "minecraft:block/farmland/farmland_1"
    },
    "moisture=2": {
      "model": "minecraft:block/farmland/farmland_2"
    },
    "moisture=3": {
      "model": "minecraft:block/farmland/farmland_3"
    },
    "moisture=4": {
      "model": "minecraft:block/farmland/farmland_4"
    },
    "moisture=5": {
      "model": "minecraft:block/farmland/farmland_5"
    },
    "moisture=6": {
      "model": "minecraft:block/farmland/farmland_6"
    },
    "moisture=7": {
      "model": "minecraft:block/farmland/farmland_7"
    }
  }
}