{
  "variants": {
    "facing=east": [
		{ "model": "minecraft:block/jack_o_lantern", "y": 90 },
		{ "model": "minecraft:block/pumpkin/block/lantern/1", "y": 90 },
		{ "model": "minecraft:block/pumpkin/block/lantern/2", "y": 90 }
	],
    "facing=north": [
		{ "model": "minecraft:block/jack_o_lantern", "y": 0 },
		{ "model": "minecraft:block/pumpkin/block/lantern/1", "y": 0 },
		{ "model": "minecraft:block/pumpkin/block/lantern/2", "y": 0 }
	],
    "facing=south": [
		{ "model": "minecraft:block/jack_o_lantern", "y": 180 },
		{ "model": "minecraft:block/pumpkin/block/lantern/1", "y": 180 },
		{ "model": "minecraft:block/pumpkin/block/lantern/2", "y": 180 }
	],
    "facing=west": [
		{ "model": "minecraft:block/jack_o_lantern", "y": 270 },
		{ "model": "minecraft:block/pumpkin/block/lantern/1", "y": 270 },
		{ "model": "minecraft:block/pumpkin/block/lantern/2", "y": 270 }
	]
  }
}