{
	"credit": "Created by Stridey",
	"textures": {
		"2": "block/brewing_stand_pole",
		"base": "block/brewing_stand_base",
		"particle": "block/brewing_stand"
	},
	"elements": [
		{
			"from": [7, 0, 7],
			"to": [9, 16, 9],
			"faces": {
				"north": {"uv": [7, 0, 9, 16], "texture": "#2"},
				"east": {"uv": [7, 0, 9, 16], "texture": "#2"},
				"south": {"uv": [7, 0, 9, 16], "texture": "#2"},
				"west": {"uv": [7, 0, 9, 16], "texture": "#2"},
				"up": {"uv": [7, 7, 9, 9], "texture": "#2", "cullface": "up"},
				"down": {"uv": [5, 0, 7, 2], "texture": "#2", "cullface": "down"}
			}
		},
		{
			"from": [9, 0, 5],
			"to": [15, 2, 11],
			"faces": {
				"north": {"uv": [9, 11, 15, 13], "texture": "#base"},
				"east": {"uv": [2, 14, 8, 16], "texture": "#base"},
				"south": {"uv": [9, 11, 15, 13], "texture": "#base"},
				"west": {"uv": [5, 14, 11, 16], "texture": "#base"},
				"up": {"uv": [9, 5, 15, 11], "texture": "#base"},
				"down": {"uv": [9, 5, 15, 11], "texture": "#base", "cullface": "down"}
			}
		},
		{
			"from": [2, 0, 1],
			"to": [8, 2, 7],
			"faces": {
				"north": {"uv": [2, 14, 8, 16], "texture": "#base"},
				"east": {"uv": [2, 14, 8, 16], "texture": "#base"},
				"south": {"uv": [2, 14, 8, 16], "texture": "#base"},
				"west": {"uv": [2, 14, 8, 16], "texture": "#base"},
				"up": {"uv": [2, 1, 8, 7], "texture": "#base"},
				"down": {"uv": [2, 1, 8, 7], "texture": "#base", "cullface": "down"}
			}
		},
		{
			"from": [2, 0, 9],
			"to": [8, 2, 15],
			"faces": {
				"north": {"uv": [2, 14, 8, 16], "texture": "#base"},
				"east": {"uv": [9, 11, 15, 13], "texture": "#base"},
				"south": {"uv": [2, 14, 8, 16], "texture": "#base"},
				"west": {"uv": [9, 11, 15, 13], "texture": "#base"},
				"up": {"uv": [2, 9, 8, 15], "texture": "#base"},
				"down": {"uv": [2, 9, 8, 15], "texture": "#base", "cullface": "down"}
			}
		}
	]
}