{
	"credit": "Created by Stridey",
	"ambientocclusion": false,
	"textures": {
		"particle": "block/allium",
		"cross": "block/allium_dfx"
	},
	"elements": [
		{
			"name": "cross",
			"from": [6, 0, 7],
			"to": [10, 8, 7],
			"shade": false,
			"rotation": {"angle": 45, "axis": "y", "origin": [9, 8, 7], "rescale": true},
			"faces": {
				"north": {"uv": [5, 7, 11, 16], "texture": "#cross"},
				"south": {"uv": [5, 7, 11, 16], "texture": "#cross"}
			}
		},
		{
			"name": "cross",
			"from": [0, 0, 15],
			"to": [0, 8, 19],
			"shade": false,
			"rotation": {"angle": 45, "axis": "y", "origin": [-9, 0, 9], "rescale": true},
			"faces": {
				"east": {"uv": [5, 7, 11, 16], "texture": "#cross"},
				"west": {"uv": [5, 7, 11, 16], "texture": "#cross"}
			}
		},
		{
			"from": [6.3, 8, 6.3],
			"to": [9.7, 11.4, 9.7],
			"rotation": {"angle": 45, "axis": "y", "origin": [8, 9.7, 8]},
			"faces": {
				"north": {"uv": [10, 0, 16, 6], "texture": "#cross"},
				"east": {"uv": [10, 0, 16, 6], "texture": "#cross"},
				"south": {"uv": [10, 0, 16, 6], "texture": "#cross"},
				"west": {"uv": [10, 0, 16, 6], "texture": "#cross"},
				"up": {"uv": [10, 0, 16, 6], "texture": "#cross"},
				"down": {"uv": [10, 0, 16, 6], "texture": "#cross"}
			}
		}
	]
}