{
	"credit": "Created by Stridey",
	"textures": {
		"particle": "block/pointed_dripstone",
		"cross": "block/pointed_dripstone"
	},
	"elements": [
		{
			"from": [5, 0, 5],
			"to": [11, 16, 11],
			"rotation": {"angle": 0, "axis": "y", "origin": [13, 10.975, 13]},
			"faces": {
				"north": {"uv": [5, 0, 11, 16], "texture": "#cross"},
				"east": {"uv": [5, 0, 11, 16], "texture": "#cross"},
				"south": {"uv": [5, 0, 11, 16], "texture": "#cross"},
				"west": {"uv": [5, 0, 11, 16], "texture": "#cross"},
				"up": {"uv": [5, 5, 11, 11], "texture": "#cross", "cullface": "up"},
				"down": {"uv": [5, 5, 11, 11], "texture": "#cross", "cullface": "down"}
			}
		}
	]
}