{
	"credit": "Created by Stridey",
	"textures": {
		"particle": "block/pointed_dripstone",
		"cross": "block/pointed_dripstone"
	},
	"elements": [
		{
			"from": [2, 0.001, 2],
			"to": [14, 16.001, 14],
			"rotation": {"angle": 0, "axis": "y", "origin": [10, 8, 10]},
			"faces": {
				"north": {"uv": [2, 0, 14, 16], "texture": "#cross"},
				"east": {"uv": [2, 0, 14, 16], "texture": "#cross"},
				"south": {"uv": [2, 0, 14, 16], "texture": "#cross"},
				"west": {"uv": [2, 0, 14, 16], "texture": "#cross"},
				"up": {"uv": [2, 2, 14, 14], "texture": "#cross", "cullface": "up"},
				"down": {"uv": [2, 2, 14, 14], "texture": "#cross", "cullface": "down"}
			}
		}
	]
}