{
	"credit": "Created by Stridey",
	"textures": {
		"particle": "block/pointed_dripstone",
		"cross": "block/pointed_dripstone"
	},
	"elements": [
		{
			"from": [3, 0.001, 3],
			"to": [13, 16.001, 13],
			"rotation": {"angle": 0, "axis": "y", "origin": [11, 8, 11]},
			"faces": {
				"north": {"uv": [3, 0, 13, 16], "texture": "#cross"},
				"east": {"uv": [3, 0, 13, 16], "texture": "#cross"},
				"south": {"uv": [3, 0, 13, 16], "texture": "#cross"},
				"west": {"uv": [3, 0, 13, 16], "texture": "#cross"},
				"up": {"uv": [3, 3, 13, 13], "texture": "#cross", "cullface": "up"},
				"down": {"uv": [3, 3, 13, 13], "texture": "#cross", "cullface": "down"}
			}
		}
	]
}