{
	"credit": "Created by Stridey",
	"textures": {
		"particle": "block/pointed_dripstone",
		"cross": "block/pointed_dripstone"
	},
	"elements": [
		{
			"from": [1, 0.001, 1],
			"to": [15, 16.001, 15],
			"rotation": {"angle": 0, "axis": "y", "origin": [9, 8.025, 9]},
			"faces": {
				"north": {"uv": [1, 0, 15, 16], "texture": "#cross"},
				"east": {"uv": [1, 0, 15, 16], "texture": "#cross"},
				"south": {"uv": [1, 0, 15, 16], "texture": "#cross"},
				"west": {"uv": [1, 0, 15, 16], "texture": "#cross"},
				"up": {"uv": [1, 1, 15, 15], "texture": "#cross", "cullface": "up"},
				"down": {"uv": [1, 1, 15, 15], "texture": "#cross", "cullface": "down"}
			}
		}
	]
}